avcol,m
2.90384615384615,0
3.5,6
4,8
5,10
4.2,6
2.90384615384615,0
