avcol,m
4.48422944152835,0
5.37051282051282,20
6,27
6.5,30
7,32
9,36
8.11111111111111,28
7.26153846153846,21
6.47123287671233,15
4.48422944152835,0
