avcol,m
4.10797101449275,0
4.93333333333333,16
5.5,21
6,24
8,28
7.125,21
6.3,15
4.10797101449275,0
