avcol,m
3.32019704433498,0
4,9
4.5,12
6,15
5.16666666666667,10
3.32019704433498,0
