avcol,m
3.72063854047891,0
4.46666666666667,12
5,16
5.5,18
7,21
6.14285714285714,15
5.35135135135135,10
3.72063854047891,0
