avcol,m
2.46666666666667,0
3,4
4,6
3.25,3
2.46666666666667,0
